﻿{"cameraMode":{"drawMode":0,"name":"Shaded","section":"Shading Mode"},"sceneLighting":true,"audioPlay":false,"sceneViewState":{"showFog":true,"showMaterialUpdate":false,"showSkybox":true,"showFlares":true,"showImageEffects":true,"showParticleSystems":true},"in2DMode":false,"pivot":{"x":2.0292067527770998,"y":0.05033354088664055,"z":-2.267693042755127},"rotation":{"x":-0.02165650762617588,"y":0.9666166305541992,"z":-0.23994100093841554,"w":-0.08724464476108551},"size":8.613693237304688,"orthographic":false}